Title,Price,Date
Funny Got Data MIS Data Systems Business Analyst T-Shirt,$16.99,2024-06-12
Funny Got Data MIS Data Systems Business Analyst T-Shirt,$16.99,2024-06-12
Funny Got Data MIS Data Systems Business Analyst T-Shirt,$16.99,2024-06-13
Funny Got Data MIS Data Systems Business Analyst T-Shirt,$16.99,2024-06-13
Funny Got Data MIS Data Systems Business Analyst T-Shirt,$16.99,2024-06-13
Funny Got Data MIS Data Systems Business Analyst T-Shirt,$16.99,2024-06-13
Funny Got Data MIS Data Systems Business Analyst T-Shirt,$16.99,2024-06-13
Funny Got Data MIS Data Systems Business Analyst T-Shirt,$16.99,2024-06-13
Funny Got Data MIS Data Systems Business Analyst T-Shirt,$16.99,2024-06-13
Funny Got Data MIS Data Systems Business Analyst T-Shirt,$16.99,2024-06-13
Funny Got Data MIS Data Systems Business Analyst T-Shirt,$16.99,2024-06-13
Funny Got Data MIS Data Systems Business Analyst T-Shirt,$16.99,2024-06-13
Funny Got Data MIS Data Systems Business Analyst T-Shirt,$16.99,2024-06-13
Funny Got Data MIS Data Systems Business Analyst T-Shirt,$16.99,2024-06-13
